2026-09-05T22:11:02Z	import-maildir	16980	16980	0	0	none
2026-09-11T02:07:05Z	import-maildir	893	893	0	0	none
2026-09-11T01:18:17Z	backfill-openwall	2021-01-01..2021-12-31	0	none	0
2026-09-11T11:39:05Z	import-maildir	808	808	0	0	none
2026-09-11T10:54:16Z	backfill-openwall	2020-01-01..2020-12-31	0	none	0
2026-09-11T12:54:12Z	import-maildir	906	906	0	0	none
2026-09-11T12:03:59Z	backfill-openwall	2019-01-01..2019-12-31	3	no-message-id	3
2026-09-11T14:09:20Z	import-maildir	1106	1106	0	0	none
2026-09-11T13:09:02Z	backfill-openwall	2018-01-01..2018-12-31	0	none	0
2026-09-11T16:58:16Z	import-maildir	2405	2405	0	0	none
2026-09-11T15:06:58Z	backfill-openwall	2017-01-01..2017-12-31	1	no-message-id	1
2026-09-11T23:51:55Z	import-maildir	2854	2854	0	0	none
2026-09-11T21:41:59Z	backfill-openwall	2016-01-01..2016-12-31	2	no-message-id	2
2026-09-12T16:09:11Z	import-maildir	3486	3484	2	15	Wide character in warn at /usr/share/perl5/PublicInbox/Import.pm line 312. 
2026-09-12T13:30:55Z	backfill-openwall	2014-01-01..2014-12-31	12	no-message-id	12
2026-09-12T23:26:51Z	import-maildir	2712	2711	1	7	Wide character in warn at /usr/share/perl5/PublicInbox/Import.pm line 312. 
2026-09-12T21:37:12Z	backfill-openwall	2013-01-01..2013-12-31	5	no-message-id	5
2026-09-13T14:26:21Z	import-maildir	2529	2529	0	0	none
2026-09-13T12:36:30Z	backfill-openwall	2012-01-01..2012-12-31	0	none	0
2026-09-14T01:47:33Z	import-maildir	2526	2526	0	0	none
2026-09-13T23:59:32Z	backfill-openwall	2011-01-01..2011-12-31	0	none	0
2026-09-14T03:37:38Z	import-maildir	1542	1542	0	0	none
2026-09-14T02:22:02Z	backfill-openwall	2010-01-01..2010-12-31	0	none	0
2026-09-14T11:47:39Z	import-maildir	1103	1103	0	0	none
2026-09-14T10:47:04Z	backfill-openwall	2009-01-01..2009-12-31	0	none	0
2026-09-14T15:00:12Z	import-maildir	1358	1358	0	0	none
2026-09-14T13:48:48Z	backfill-openwall	2008-01-01..2008-12-31	0	none	0
2026-09-14T15:25:17Z	import-maildir	0	0	0	0	none
2026-09-14T15:11:43Z	backfill-openwall	2007-01-01..2007-12-31	0	none	0
2026-09-14T16:35:32Z	import-maildir	1169	1169	0	0	none
2026-09-14T15:31:30Z	backfill-openwall	2023-01-01..2023-12-31	0	none	0
2026-09-15T02:09:56Z	import-maildir	2526	2526	0	0	none
2026-09-15T00:18:43Z	backfill-openwall	2011-01-01..2011-12-31	0	none	0	0	2526
2026-09-15T15:26:15Z	import-maildir	0	0	0	0	none
2026-09-15T14:18:09Z	backfill-openwall	2010-01-01..2010-12-31	1542	diff-skip-known	1542	1542	0
2026-09-15T19:08:29Z	import-maildir	835	835	0	0	none
2026-09-15T16:54:59Z	backfill-openwall	2015-01-01..2015-12-31	2349	diff-skip-known	2344	2344	835
2026-09-15T23:36:09Z	import-maildir	1142	1142	0	0	none
2026-09-15T21:52:31Z	backfill-openwall	2026-01-01..2026-12-31	1235	diff-skip-known	1232	1232	1142
2026-09-16T20:07:05Z	import-maildir	15	15	0	0	none
2026-09-16T20:05:45Z	backfill-openwall	2026-09-15..2026-09-16	15	diff-skip-known	15	15	15
2026-09-16T22:55:11Z	import-maildir	0	0	0	0	none
2026-09-16T22:53:56Z	backfill-openwall	2026-09-15..2026-09-16	30	diff-skip-known	30	30	0
2026-09-17T04:45:45Z	import-maildir	2	2	0	0	none
2026-09-17T04:44:56Z	backfill-openwall	2026-09-16..2026-09-17	15	diff-skip-known	15	15	2
2026-09-17T13:24:06Z	import-maildir	0	0	0	0	none
2026-09-17T13:23:24Z	backfill-openwall	2026-09-16..2026-09-17	17	diff-skip-known	17	17	0
2026-09-17T19:43:43Z	import-maildir	3	3	0	0	none
2026-09-17T19:42:51Z	backfill-openwall	2026-09-16..2026-09-17	17	diff-skip-known	17	17	3
2026-09-17T22:51:06Z	import-maildir	2	2	0	0	none
2026-09-17T22:50:12Z	backfill-openwall	2026-09-16..2026-09-17	20	diff-skip-known	20	20	2
2026-09-18T04:32:20Z	import-maildir	0	0	0	0	none
2026-09-18T04:32:02Z	backfill-openwall	2026-09-17..2026-09-18	6	diff-skip-known	6	6	0
2026-09-18T12:58:57Z	import-maildir	3	3	0	0	none
2026-09-18T12:58:32Z	backfill-openwall	2026-09-17..2026-09-18	6	diff-skip-known	6	6	3
2026-09-18T19:01:49Z	import-maildir	12	12	0	0	none
2026-09-18T19:00:58Z	backfill-openwall	2026-09-17..2026-09-18	9	diff-skip-known	9	9	12
2026-09-18T22:31:57Z	import-maildir	0	0	0	0	none
2026-09-18T22:30:59Z	backfill-openwall	2026-09-17..2026-09-18	21	diff-skip-known	21	21	0
2026-09-19T04:29:44Z	import-maildir	4	4	0	0	none
2026-09-19T04:28:57Z	backfill-openwall	2026-09-18..2026-09-19	15	diff-skip-known	15	15	4
2026-09-19T12:08:47Z	import-maildir	1	1	0	0	none
2026-09-19T12:07:55Z	backfill-openwall	2026-09-18..2026-09-19	19	diff-skip-known	19	19	1
